Symbol,Name
0700.HK,TENCENT
9988.HK,BABA-W
3690.HK,MEITUAN-W
0981.HK,SMIC
0388.HK,HKEX
2318.HK,PING AN
1810.HK,XIAOMI-W
2628.HK,CHINA LIFE
6030.HK,CITIC SEC
1299.HK,AIA
3908.HK,CICC
1024.HK,KUAISHOU-W
0883.HK,CNOOC
0939.HK,CCB
9618.HK,JD-SW
0941.HK,CHINA MOBILE
2269.HK,WUXI BIO
0020.HK,SENSETIME-W
6099.HK,CMSC
1211.HK,BYD COMPANY
1918.HK,SUNAC
2202.HK,CHINA VANKE
1398.HK,ICBC
2015.HK,LI AUTO-W
6881.HK,CGS
1347.HK,HUA HONG SEMI
3968.HK,CM BANK
1359.HK,CHINA CINDA
9626.HK,BILIBILI-W
0857.HK,PETROCHINA
1093.HK,CSPC PHARMA
3988.HK,BANK OF CHINA
1336.HK,NCI
2020.HK,ANTA SPORTS
6066.HK,CSC
9888.HK,BIDU-SW
9999.HK,NTES-S
9961.HK,TRIP.COM-S
6886.HK,HTSC
0005.HK,HSBC HOLDINGS
2359.HK,WUXI APPTEC
1288.HK,ABC
1919.HK,COSCO SHIP HOLD
0175.HK,GEELY AUTO
0354.HK,CHINASOFT INT'L
0960.HK,LONGFOR GROUP
2319.HK,MENGNIU DAIRY
2331.HK,LI NING
1088.HK,CHINA SHENHUA
2899.HK,ZIJIN MINING
1801.HK,INNOVENT BIO
1339.HK,PICC GROUP
9868.HK,XPENG-W
9633.HK,NONGFU SPRING
1109.HK,CHINA RES LAND
1942.HK,MOG DIGITECH
2382.HK,SUNNY OPTICAL
0763.HK,ZTE
6618.HK,JD HEALTH
2601.HK,CPIC
3958.HK,DFZQ
6806.HK,SWHY
0241.HK,ALI HEALTH
0285.HK,BYD ELECTRONIC
0267.HK,CITIC
3759.HK,PHARMARON
6690.HK,HAIER SMARTHOME
6862.HK,HAIDILAO
1385.HK,SHANGHAI FUDAN
0027.HK,GALAXY ENT
0386.HK,SINOPEC CORP
0788.HK,CHINA TOWER
1658.HK,PSBC
1171.HK,YANKUANG ENERGY
0291.HK,CHINA RES BEER
1776.HK,GF SEC
3800.HK,GCL TECH
1880.HK,CTG DUTY-FREE
1797.HK,EAST BUY
1928.HK,SANDS CHINA LTD
0268.HK,KINGDEE INT'L
0992.HK,LENOVO GROUP
0300.HK,MIDEA GROUP
0688.HK,CHINA OVERSEAS
9896.HK,MNSO
1378.HK,CHINAHONGQIAO
0762.HK,CHINA UNICOM
9926.HK,AKESO
1788.HK,GUOTAI JUNAN I
2313.HK,SHENZHOU INTL
2423.HK,BEKE-W
0669.HK,TECHTRONIC IND
6098.HK,CG SERVICES
1772.HK,GANFENGLITHIUM
6178.HK,EB SECURITIES
0836.HK,CHINA RES POWER
0168.HK,TSINGTAO BREW
0916.HK,CHINA LONGYUAN
2357.HK,AVICHINA
1177.HK,SINO BIOPHARM
6969.HK,SMOORE INTL
0728.HK,CHINA TELECOM
2333.HK,GWMOTOR
9987.HK,YUM CHINA
0966.HK,CHINA TAIPING
6160.HK,BEIGENE
9922.HK,JIUMAOJIU
3323.HK,CNBM
1816.HK,CGN POWER
6682.HK,FOURTH PARADIGM
0390.HK,CHINA RAILWAY
3888.HK,KINGSOFT
2238.HK,GAC GROUP
1468.HK,KINGKEY FIN-NEW
1800.HK,CHINA COMM CONS
3347.HK,TIGERMED
1951.HK,JXR
0576.HK,ZHEJIANGEXPRESS
3898.HK,TIMES ELECTRIC
2367.HK,GIANT BIOGENE
3993.HK,CMOC
2328.HK,PICC P&C
6186.HK,CHINA FEIHE
0914.HK,CONCH CEMENT
3900.HK,GREENTOWN CHINA
0853.HK,MICROPORT
9636.HK,JF SMARTINVEST
0968.HK,XINYI SOLAR
0016.HK,SHK PPT
1585.HK,YADEA
3998.HK,BOSIDENG
6060.HK,ZA ONLINE
2196.HK,FOSUN PHARMA
1456.HK,GUOLIAN SEC
2388.HK,BOC HONG KONG
2338.HK,WEICHAI POWER
1030.HK,SEAZEN
0753.HK,AIR CHINA
9901.HK,NEW ORIENTAL-S
0780.HK,TONGCHENGTRAVEL
0001.HK,CKH HOLDINGS
1186.HK,CHINA RAIL CONS
1209.HK,CHINA RES MIXC
3678.HK,HOLLY FUTURES
1898.HK,CHINA COAL
1357.HK,MEITU
6078.HK,HYGEIA HEALTH
0998.HK,CITIC BANK
6979.HK,ZJLD
3328.HK,BANKCOMM
1113.HK,CK ASSET
1910.HK,SAMSONITE
1055.HK,CHINA SOUTH AIR
9863.HK,LEAPMOTOR
1766.HK,CRRC
1876.HK,BUD APAC
0123.HK,YUEXIU PROPERTY
2688.HK,ENN ENERGY
1375.HK,CC SECURITIES
0358.HK,JIANGXI COPPER
1818.HK,ZHAOJIN MINING
9992.HK,POP MART
2057.HK,ZTO EXPRESS-W
0006.HK,POWER ASSETS
2618.HK,JD LOGISTICS
2013.HK,WEIMOB INC
9866.HK,NIO-SW
2600.HK,CHALCO
0817.HK,CHINA JINMAO
0902.HK,HUANENG POWER
1988.HK,MINSHENG BANK
3606.HK,FUYAO GLASS
1548.HK,GENSCRIPT BIO
0002.HK,CLP HOLDINGS
0101.HK,HANG LUNG PPT
1138.HK,COSCO SHIP ENGY
2883.HK,CHINA OILFIELD
2498.HK,ROBOSENSE
6865.HK,FLAT GLASS
1099.HK,SINOPHARM
2018.HK,AAC TECH
2443.HK,AUTOSTREETS
0011.HK,HANG SENG BANK
9696.HK,TIANQI LITHIUM
0384.HK,CHINA GAS HOLD
1128.HK,WYNN MACAU
0136.HK,CHINA RUYI
1057.HK,ZHEJIANG SHIBAO
2128.HK,CHINA LESSO
0316.HK,OOIL
1787.HK,SD GOLD
3692.HK,HANSOH PHARMA
2799.HK,CITIC FAMC
0772.HK,CHINA LIT
1952.HK,EVEREST MED - B
0489.HK,DONGFENG GROUP
0522.HK,ASMPT
0819.HK,TIANNENG POWER
1193.HK,CHINA RES GAS
0586.HK,CONCH VENTURE
3320.HK,CHINARES PHARMA
0317.HK,COMEC
2282.HK,MGM CHINA
0189.HK,DONGYUE GROUP
0017.HK,NEW WORLD DEV
0921.HK,HISENSE HA
0003.HK,HK & CHINA GAS
0868.HK,XINYI GLASS
9899.HK,CLOUD MUSIC
0696.HK,TRAVELSKY TECH
2380.HK,CHINA POWER
0813.HK,SHIMAO GROUP
3896.HK,KINGSOFT CLOUD
1519.HK,J&T EXPRESS-W
0270.HK,GUANGDONG INV
2268.HK,WUXI XDC
1060.HK,ALI PICTURES
1618.HK,MCC
0293.HK,CATHAY PAC AIR
9880.HK,UBTECH ROBOTICS
2016.HK,CZBANK
2208.HK,GOLDWIND
1530.HK,3SBIO
0392.HK,BEIJING ENT
0135.HK,KUNLUN ENERGY
0322.HK,TINGYI
1114.HK,BRILLIANCE CHI
9890.HK,ZX INC
2727.HK,SH ELECTRIC
9676.HK,SHIYUE DAOTIAN
1179.HK,HWORLD-S
1164.HK,CGN MINING
0884.HK,CIFI HOLD GP
1579.HK,YIHAI INTL
3808.HK,SINOTRUK
6869.HK,YOFC
6855.HK,ASCENTAGE-B
0165.HK,CHINA EB LTD
0874.HK,BAIYUNSHAN PH
1516.HK,SUNAC SERVICES
1208.HK,MMG
1958.HK,BAIC MOTOR
2400.HK,XD INC
0881.HK,ZHONGSHENG HLDG
1368.HK,XTEP INT'L
0467.HK,UNITEDENERGY GP
0867.HK,CMS
1896.HK,MAOYAN ENT
0013.HK,HUTCHMED
1833.HK,PA GOODDOCTOR
1999.HK,MAN WAH HLDGS
1157.HK,ZOOMLION
1308.HK,SITC
2555.HK,CHABAIDAO
0257.HK,EB ENVIRONMENT
9690.HK,TUHU-W
2099.HK,CHINAGOLDINTL
3319.HK,A-LIVING
1508.HK,CHINA RE
0144.HK,CHINA MER PORT
6181.HK,LAOPU GOLD
0066.HK,MTR CORPORATION
9869.HK,HELENS
1610.HK,COFCO JOYCOME
1274.HK,IMOTIONAUTOTECH
9995.HK,REMEGEN
0694.HK,BEIJING AIRPORT
6049.HK,POLY PPT SER
2858.HK,YIXIN
1972.HK,SWIREPROPERTIES
0288.HK,WH GROUP
0425.HK,MINTH GROUP
3383.HK,AGILE GROUP
0839.HK,CHINA EDU GROUP
3618.HK,CQRC BANK
6196.HK,BANKOFZHENGZHOU
2273.HK,GUSHENGTANG
IPO2576.HK,TAIMEI TECH
2777.HK,R&F PROPERTIES
1773.HK,TIANLI INT HLDG
6055.HK,CTIHK
1349.HK,FUDANZHANGJIANG
0570.HK,TRAD CHI MED
6818.HK,CEB BANK
1302.HK,LIFETECH SCI
0012.HK,HENDERSON LAND
1929.HK,CHOW TAI FOOK
1428.HK,BRIGHT SMART
3738.HK,VOBILE GROUP
2607.HK,SH PHARMA
6660.HK,AIM VACCINE
1044.HK,HENGAN INT'L
1541.HK,IMMUNEONCO-B
0909.HK,MING YUAN CLOUD
0956.HK,CHINA SUNTIEN
6185.HK,CANSINOBIO
6110.HK,TOPSPORTS
2666.HK,UNI MEDICAL
1997.HK,WHARF REIC
1798.HK,DATANG RENEW
9979.HK,GREENTOWN MGMT
6088.HK,FIT HON TENG
6127.HK,JOINN
2121.HK,AINNOVATION
1415.HK,COWELL
1882.HK,HAITIAN INT'L
0460.HK,SIHUAN PHARM
1313.HK,CR BLDG MAT TEC
2096.HK,SIMCERE PHARMA
6666.HK,EVERG SERVICES
0880.HK,SJM HOLDINGS
2162.HK,KEYMED BIO-B
0081.HK,CH OVS G OCEANS
3933.HK,UNITED LAB
6990.HK,SKB BIO-B
0038.HK,FIRST TRACTOR
1071.HK,HUADIAN POWER
0152.HK,SHENZHEN INT'L
1033.HK,SINOPEC SSC
2252.HK,MEDBOT-B
2386.HK,SINOPEC SEG
6963.HK,SUNSHINE INS
2186.HK,LUYE PHARMA
0297.HK,SINOFERT
2233.HK,WESTCHINACEMENT
0975.HK,MONGOL MINING
9969.HK,INNOCARE
0119.HK,POLY PROPERTY
1038.HK,CKI HOLDINGS
2150.HK,NAYUKI
6683.HK,STARPLUS LEGEND
3996.HK,CH ENERGY ENG
0019.HK,SWIRE PACIFIC A
0631.HK,SANY INT'L
0363.HK,SHANGHAI IND H
1725.HK,USPACE TECH
1877.HK,JUNSHI BIO
0656.HK,FOSUN INTL
0177.HK,JIANGSU EXPRESS
1888.HK,KB LAMINATES
1448.HK,FU SHOU YUAN
0670.HK,CHINA EAST AIR
1070.HK,TCL ELECTRONICS
1789.HK,AK MEDICAL
3969.HK,CHINA CRSC
0148.HK,KINGBOARD HLDG
1072.HK,DONGFANG ELEC
6699.HK,ANGELALIGN
9688.HK,ZAI LAB
0525.HK,GUANGSHEN RAIL
1908.HK,C&D INTL GROUP
80388.HK,HKEX-R
2009.HK,BBMG
3668.HK,YANCOAL AUS
0719.HK,SHANDONG XINHUA
9966.HK,ALPHAMAB-B
3360.HK,FE HORIZON
1258.HK,CHINFMINING
8083.HK,YOUZAN
9959.HK,LINKLOGIS-W
0861.HK,DC HOLDINGS
3396.HK,LEGENDHOLDING
0552.HK,CHINACOMSERVICE
0558.HK,LK TECH
0754.HK,HOPSON DEV HOLD
6823.HK,HKT-SS
0667.HK,CHINA EAST EDU
2669.HK,CHINA OVS PPT
2689.HK,ND PAPER
9989.HK,HEPALINK
0991.HK,DATANG POWER
83690.HK,MEITUAN-WR
0338.HK,SHANGHAI PECHEM
2866.HK,COSCO SHIP DEV
2869.HK,GREENTOWN SER
1811.HK,CGN NEW ENERGY
0200.HK,MELCO INT'L DEV
3650.HK,KEEP
6821.HK,ASYMCHEM
1316.HK,NEXTEER
3613.HK,TONGRENTANGCM
1963.HK,BCQ
0683.HK,KERRY PPT
0347.HK,ANGANG STEEL
2602.HK,ONEWO
1513.HK,LIVZON PHARMA
0272.HK,SHUI ON LAND
1199.HK,COSCO SHIP PORT
0546.HK,FUFENG GROUP
1066.HK,WEIGAO GROUP
2155.HK,MORIMATSU INTL
3990.HK,MIDEA REAL EST
0855.HK,CHINA WATER
9698.HK,GDS-SW
3311.HK,CHINA STATE CON
0371.HK,BJ ENT WATER
2407.HK,GAUSH MEDITECH
0710.HK,BOE VARITRONIX
2517.HK,GUOQUAN
6908.HK,HG SEMI
0220.HK,U-PRESID CHINA
0548.HK,SHENZHENEXPRESS
1675.HK,ASIAINFO TECH
2411.HK,PAGODA GP
0535.HK,GEMDALE PPT
6698.HK,STAR CM
0142.HK,FIRST PACIFIC
0553.HK,NANJING PANDA
0218.HK,SWHYHK
2172.HK,MICROPORT NEURO
0512.HK,GRAND PHARMA
3380.HK,LOGAN GROUP
0564.HK,ZMJ
2255.HK,HAICHANG HLDG
2429.HK,UBOX ONLINE
0590.HK,LUK FOOK HOLD
0598.HK,SINOTRANS
89888.HK,BIDU-SWR
1478.HK,Q TECH
80992.HK,LENOVO GROUP-R
6680.HK,JLMAG
2171.HK,CARSGEN-B
6198.HK,QINGDAO PORT
0085.HK,CE HUADA TECH
2453.HK,CONCORD HC GP
0179.HK,JOHNSON ELEC H
1515.HK,CR MEDICAL
1635.HK,DZUG
1458.HK,ZHOU HEI YA
1119.HK,IDREAMSKY
1821.HK,ESR
2158.HK,YIDU TECH
1361.HK,361 DEGREES
0095.HK,LVGEM CHINA
3377.HK,SINO-OCEAN GP
2469.HK,FENBI
0806.HK,VALUE PARTNERS
0010.HK,HANG LUNG GROUP
6069.HK,SY HOLDINGS
1528.HK,RS MACALLINE
3883.HK,CHINA AOYUAN
9885.HK,YSB
1053.HK,CHONGQING IRON
1558.HK,HEC CJ PHARM
89988.HK,BABA-WR
3306.HK,JNBY
1969.HK,CHINA CHUNLAI
2169.HK,CANGGANGRAILWAY
1799.HK,XINTE ENERGY
2888.HK,STANCHART
2343.HK,PACIFIC BASIN
2362.HK,JINCHUAN INTL
2285.HK,CHERVON
0083.HK,SINO LAND
0639.HK,SHOUGANG RES
2878.HK,SOLOMON SYSTECH
0751.HK,SKYWORTH GROUP
0995.HK,ANHUIEXPRESSWAY
3899.HK,CIMC ENRIC
0934.HK,SINOPEC KANTONS
1860.HK,MOBVISTA
2877.HK,SHINEWAY PHARM
82318.HK,PING AN-R
1907.HK,CHINA RISUN GP
1812.HK,CHENMING PAPER
0008.HK,PCCW
0345.HK,VITASOY INT'L
0357.HK,MEILAN AIRPORT
9858.HK,YOURAN DAIRY
1883.HK,CITIC TELECOM
2145.HK,CHICMAX
0520.HK,XIABUXIABU
3918.HK,NAGACORP
0596.HK,INSPUR DIGI ENT
6826.HK,HAOHAI BIOTEC
3868.HK,XINYI ENERGY
1729.HK,TIME INTERCON
2005.HK,SSY GROUP
0323.HK,MAANSHAN IRON
0336.HK,HUABAO INTL
0302.HK,CMGE
2314.HK,LEE & MAN PAPER
0087.HK,SWIRE PACIFIC B
9997.HK,KANGJI MEDICAL
1913.HK,PRADA
1117.HK,CH MODERN D
1477.HK,OCUMENSION-B
2105.HK,LAEKNA-B
9911.HK,NEWBORNTOWN
2157.HK,LEPU BIO-B
0579.HK,JNCEC
1858.HK,CHUNLI MEDICAL
1083.HK,TG SMART ENERGY
6655.HK,HUAXIN CEMENT
0031.HK,CHINA AEROSPACE
0303.HK,VTECH HOLDINGS
1681.HK,CONSUN PHARMA
1277.HK,KINETIC DEV
0777.HK,NETDRAGON
0014.HK,HYSAN DEV
0151.HK,WANT WANT CHINA
0187.HK,JINGCHENG MAC
9658.HK,SUPER HI
0410.HK,SOHO CHINA
8316.HK,CHINA HONGBAO
1995.HK,ES SERVICES
2068.HK,CHALIECO
0440.HK,DAH SING
89618.HK,JD-SWR
80941.HK,CHINA MOBILE-R
0811.HK,XINHUA WINSHARE
2588.HK,BOC AVIATION
1381.HK,CANVEST ENV
0314.HK,SIPAI HEALTH
3339.HK,LONKING
0775.HK,CKLIFE SCIENCES
3877.HK,CSSC SHIPPING
2880.HK,LIAONING PORT
1992.HK,FOSUN TOURISM
0856.HK,VSTECS
6608.HK,BAIRONG-W
3669.HK,YONGDA AUTO
9898.HK,WB-SW
0799.HK,IGG
0133.HK,CHINA MERCHANTS
2378.HK,PRU
1911.HK,CR HOLDINGS
1052.HK,YUEXIUTRANSPORT
9956.HK,ANE
3393.HK,WASION HOLDINGS
0990.HK,THEME INT'L
1268.HK,MEIDONG AUTO
2486.HK,PLUS GP HOLDING
6100.HK,TONGDAO LIEPIN
2549.HK,CAROTE
1638.HK,KAISA GROUP
6955.HK,BOAN BIOTECH
9923.HK,YEAHKA
2977.HK,KINGKEY FIN-OLD
1813.HK,KWG GROUP
0004.HK,WHARF HOLDINGS
2039.HK,CIMC
2638.HK,HKELECTRIC-SS
1769.HK,SCHOLAR EDU
1310.HK,HKBN
6993.HK,BLUE MOON GROUP
3309.HK,C-MER MEDICAL
3866.HK,BQD
0604.HK,SHENZHEN INVEST
2393.HK,YESTAR HEALTH
1108.HK,TRIUMPH NEW EN
0308.HK,CHINA TRAVEL HK
1666.HK,TONG REN TANG
0551.HK,YUE YUEN IND
1238.HK,POWERLONG
6616.HK,GLOBAL NEW MAT
9878.HK,HUITONGDA NET
3700.HK,INKEVERSE
80700.HK,TENCENT-R
9699.HK,SF INTRA-CITY
1341.HK,HAO TIAN INTL
0107.HK,SICHUAN EXPRESS
0743.HK,ASIA CEMENT CH
3983.HK,CHINA BLUECHEM
81211.HK,BYD COMPANY-R
2342.HK,COMBA
0493.HK,GOME RETAIL
1330.HK,DYNAGREEN ENV
0588.HK,BEIJING N STAR
1606.HK,CDB LEASING
0286.HK,AIDIGONG
0178.HK,SA SA INT'L
0341.HK,CAFE DE CORAL H
1735.HK,CENTRAL NEW EGY
3600.HK,MODERN DENTAL
1691.HK,JS GLOBAL LIFE
1133.HK,HARBIN ELECTRIC
1836.HK,STELLA HOLDINGS
2459.HK,SANERGY GROUP
0580.HK,SUN.KING TECH
0826.HK,TIANGONG INT'L
9666.HK,JINKE SERVICES
1405.HK,DPC DASH
1121.HK,GOLDENSOLAR
1873.HK,VIVA BIOTECH
3301.HK,RONSHINECHINA
2038.HK,FIH
0506.HK,CHINA FOODS
0023.HK,BANK OF E ASIA
2190.HK,ZYLOXTB-B
0412.HK,SDHG
0697.HK,SHOUCHENG
0232.HK,CON AERO TECH
1086.HK,GOODBABY INTL
6639.HK,ARRAIL GROUP
1196.HK,REALORD GROUP
0895.HK,DONGJIANG ENV
2203.HK,BRAINHOLE TECH
0732.HK,TRULY INT'L
1866.HK,CHINA XLX FERT
0182.HK,CONCORD NE
2228.HK,QUANTUMPH-P
3330.HK,LINGBAO GOLD
0605.HK,C FIN SERVICES
2356.HK,DAHSING BANKING
9955.HK,CLOUDR
0337.HK,GREENLAND HK
81299.HK,AIA-R
1698.HK,TME-SW
2521.HK,SHENGHUI CLEAN
3369.HK,QHD PORT
9985.HK,WL DELICIOUS
0069.HK,SHANGRI-LA ASIA
1167.HK,JACOBIO-B
1755.HK,S-ENJOY SERVICE
2192.HK,MEDLIVE
1065.HK,TIANJIN CAPITAL
2246.HK,GOGOX
0173.HK,K. WAH INT'L
0769.HK,CHINA RAREEARTH
3709.HK,EEKA FASHION
0873.HK,SHIMAO SERVICES
3633.HK,ZHONGYU ENERGY
1696.HK,SISRAM MED
6626.HK,YUEXIU SERVICES
0581.HK,CHINA ORIENTAL
2256.HK,ABBISKO-B
0227.HK,FIRST SHANGHAI
2218.HK,ANDRE JUICE
0708.HK,EVERG VEHICLE
1176.HK,ZHUGUANG HOLD
1461.HK,ZHONGTAIFUTURES
0116.HK,CHOW SANG SANG
1600.HK,TIAN LUN GAS
9668.HK,CBHB
1112.HK,H&H INTL HLDG
3931.HK,CALB
0659.HK,NWS HOLDINGS
0215.HK,HUTCHTEL HK
0517.HK,COSCO SHIP INTL
2001.HK,NEW HIGHER EDU
1855.HK,ZONQING LTD
1686.HK,SUNEVISION
9996.HK,PEIJIA-B
3382.HK,TIANJINPORT DEV
0242.HK,SHUN TAK HOLD
1763.HK,CIRC
0305.HK,WULING MOTORS
2402.HK,SINOHYTEC
2276.HK,CONANT OPTICAL
0113.HK,DICKSON CONCEPT
3978.HK,BESTSTUDY EDU
0863.HK,OSL GROUP
0716.HK,SINGAMAS CONT
2660.HK,ZENGAME
82388.HK,BOC HONG KONG-R
1263.HK,PC PARTNER
0207.HK,JOY CITY PPT
0993.HK,HUARONG INT FIN
2678.HK,TEXHONG INTL GP
6998.HK,GENOR-B
0434.HK,BOYAA
1668.HK,CHINASOUTHCITY
1563.HK,ALLI INTL ED LE
1733.HK,E-COMMODITIES
9939.HK,KINTOR PHARMA-B
1382.HK,PACIFICTEXTILES
1760.HK,INTRON TECH
9990.HK,ARCHOSAUR GAMES
0611.HK,CNE TECH CORP
0041.HK,GREAT EAGLE H
2156.HK,C&D PROPERTY
6138.HK,HARBIN BANK
2556.HK,MARKETINGFORCE
0315.HK,SMARTONE TELE
0451.HK,GCL NEWENERGY
2137.HK,BRII - B
0838.HK,EVA HOLDINGS
1200.HK,MIDLAND HOLDING
81810.HK,XIAOMI-WR
1890.HK,CHINA KEPEI
2550.HK,EASOU TECH
2257.HK,SIRNAOMICS-B
6830.HK,HUAZHONG IN-V
0511.HK,TVB
2505.HK,EDA GROUP HLDGS
2219.HK,CHAOJU EYE CARE
2488.HK,LAUNCH TECH
2126.HK,JW THERAP-B
80016.HK,SHK PPT-R
1205.HK,CITIC RESOURCES
80020.HK,SENSETIME-WR
2160.HK,CARDIOFLOW-B
1830.HK,PERFECT MEDICAL
1475.HK,NISSIN FOODS
0698.HK,TONGDA GROUP
2138.HK,EC HEALTHCARE
1091.HK,SOUTH MANGANESE
0327.HK,PAX GLOBAL
2487.HK,CUTIA-B
1233.HK,TIMES CHINA
3818.HK,CHINA DONGXIANG
1045.HK,APT SATELLITE
1234.HK,CHINA LILANG
0945.HK,MANULIFE-S
0866.HK,CHINA QINFA
9993.HK,RADIANCE HLDGS
1521.HK,FRONTAGE
1578.HK,BANK OF TIANJIN
2139.HK,BANK OF GANSU
3316.HK,BINJIANG SER
1611.HK,SINOHOPE TECH
6169.HK,YUHUA EDU
0086.HK,SUN HUNG KAI CO
2616.HK,CSTONE PHARMA-B
8491.HK,COOL LINK
6610.HK,FLOWING CLOUD
2696.HK,HENLIUS
3939.HK,WANGUO GOLD GP
2416.HK,EDIANYUN
0717.HK,EMPEROR CAPITAL
9933.HK,GHW INTL
0382.HK,EDVANTAGE GROUP
2438.HK,MOBVOI
0650.HK,PRODUCTIVE TECH
9886.HK,DINGDANG HEALTH
9860.HK,ADICON HOLDINGS
1783.HK,ENVISION GREEN
1889.HK,SANAI HEALTH GP
0636.HK,KERRY LOG NET
0830.HK,CSC DEVELOPMENT
0815.HK,CHI SILVER GP
0400.HK,INGDAN
2166.HK,SMART-CORE
0563.HK,SH IND URBAN
2232.HK,CRYSTAL INTL
2399.HK,CN ANCHU ENERGY
8017.HK,TRADEGO
3300.HK,CHINA GLASS
2511.HK,HIGHTIDE-B
0978.HK,CHI MER LAND
8137.HK,HONBRIDGE
0709.HK,GIORDANO INT'L
1949.HK,PLATT NERA
0398.HK,ORIENTAL WATCH
1300.HK,TRIGIANT
1137.HK,HK TECH VENTURE
2136.HK,LIFESTYLE CHI
0917.HK,QUNABOX GROUP
3833.HK,XINXIN MINING
0082.HK,CRAZY SPORTS
80011.HK,HANGSENG BANK-R
0330.HK,ESPRIT HOLDINGS
2419.HK,DEKON AGR
9669.HK,BEISEN HOLDING
3662.HK,STARJOY W&T
0568.HK,SHANDONG MOLONG
0882.HK,TIANJIN DEV
1878.HK,SOUTHGOBI
2559.HK,DIDA INC
0951.HK,CHAOWEI POWER
0845.HK,GLORIOUS PPT H
9930.HK,HORIZON CD
6959.HK,CHANGJIU HLDGS
1523.HK,PLOVER BAY TECH
1980.HK,TIANGE
2533.HK,BLACK SESAME
1680.HK,MACAU LEGEND
3882.HK,SKYLIGHT HLDG
1837.HK,NATURAL FOOD IH
80883.HK,CNOOC-R
0139.HK,CENTRALWEALTHGP
1697.HK,SDITC
2149.HK,BATELAB
2209.HK,YESASIA HLDGS
6996.HK,ANTENGENE-B
0587.HK,CONCH ENVIRO
6158.HK,ZHENRO PPT
81024.HK,KUAISHOU-WR
6601.HK,CHEERWIN GP
2225.HK,JINHAI MED TECH
0439.HK,KUANGCHI
1966.HK,CHINA SCE GROUP
6623.HK,LUFAX
2512.HK,CLOUD FACTORY
2552.HK,HUA MEDICINE-B
1765.HK,XJ INTL HLDGS
0658.HK,C TRANSMISSION
2142.HK,HBM HOLDINGS-B
6638.HK,OCFT
0365.HK,SINO ICT
2324.HK,CAPITAL VC
1709.HK,DL HOLDINGS GP
0419.HK,HONY MEDIA
82331.HK,LI NING-R
2772.HK,ZHONGLIANG HLDG
6989.HK,EXCELLENCE CM
8490.HK,NICHE-TECH SEMI
0381.HK,KIU HUNG INT'L
1921.HK,DALIPAL HLDG
1640.HK,RUICHENG CHINA
2309.HK,ZO FUTURE GROUP
2722.HK,CHONGQING M&E
9909.HK,POWERLONG CM
6058.HK,CISI FIN
9600.HK,NEWLINK TECH
0204.HK,CAPITAL REALM
1497.HK,YAN PALACE
3913.HK,KWG LIVING
3698.HK,HUISHANG BANK
6086.HK,FANGZHOU JIANKE
0816.HK,JINMAO SERVICES
1912.HK,CONTEL
2598.HK,LIANLIAN
3337.HK,ANTON OILFIELD
1247.HK,MIKO INTL
1981.HK,CATHAY GP HLDGS
2217.HK,TAM JAI INTL
1905.HK,HAITONG UT
1165.HK,SFCE
8481.HK,SHENGLONG INTL
2216.HK,BRONCUS-B
86618.HK,JD HEALTH-R
3989.HK,CAPITAL ENV
2002.HK,SUNSHINE PAPER
6622.HK,ZHAOKE OPHTH-B
2163.HK,BROAD HOMES
3680.HK,RUIHE DATA
2291.HK,SCIENTECH
3329.HK,BOCOM INTL
0933.HK,VIVA GOODS
1244.HK,3D MEDICINES
1777.HK,FANTASIA
1857.HK,CEB WATER
2886.HK,BINHAI INV
1967.HK,CONFIDENCE IN
1222.HK,WANG ON GROUP
8299.HK,GRAND T G GOLD
6609.HK,HEARTCARE-B
1286.HK,IMPRO PRECISION
6968.HK,GANGLONG CHINA
0913.HK,HARBOUR DIGITAL
3813.HK,POU SHENG INT'L
2148.HK,VESYNC
6668.HK,E-STAR CM
1126.HK,DREAM INT'L
80175.HK,GEELY AUTO-R
1354.HK,KINGFARPROPERTY
3303.HK,JUTAL OIL SER
0256.HK,CITYCHAMP
82020.HK,ANTA SPORTS-R
0486.HK,RUSAL
0035.HK,FE CONSORT INTL
1450.HK,BE FRIENDS HLDG
9879.HK,MIGAO GROUP
2100.HK,BAIOO
1599.HK,UCD
0340.HK,TONGGUAN GOLD
8268.HK,SMART CITY DEV
2415.HK,MEDSCI
3681.HK,SINOMAB BIO-B
1672.HK,ASCLETIS-B
0279.HK,ARTA TECHFIN
1355.HK,LEGEND STRAT
0842.HK,LEOCH INT'L
0245.HK,CHINA VERED FIN
0560.HK,CHU KONG SHIP
1183.HK,MECOM POWER
6988.HK,JOY SPREADER
2545.HK,ZHONGGAN COMM
2522.HK,RIMAG GROUP
0120.HK,COSMOPOL INT'L
1223.HK,SYMPHONY HOLD
1906.HK,BONNY HLDG
2531.HK,CARLINK TECH
1848.HK,CALC
2390.HK,ZHIHU-W
3838.HK,CHINA STARCH
1217.HK,CH INNOVATION
0029.HK,DYNAMIC HOLD
1257.HK,CEB GREENTECH
0062.HK,TRANSPORT INT'L
2516.HK,FAR INTL
8391.HK,CORNERSTONE TEC
6669.HK,ACOTEC-B
0088.HK,TAI CHEUNG HOLD
2410.HK,TYK MEDICINES-B
9928.HK,TIMES NEIGHBOR
1143.HK,CN ENGY STORAGE
6667.HK,MEGA GENOMICS
8158.HK,CRMI
0737.HK,BAY AREA DEV
0547.HK,DIGITAL DOMAIN
0672.HK,ZHONGAN GROUP
0321.HK,TEXWINCA HOLD
2495.HK,VOICECOMM
1899.HK,XINGDA INT'L
0538.HK,AJISEN (CHINA)
0444.HK,SINCEREWATCH HK
1358.HK,PW MEDTECH
1440.HK,STAR SHINE HLDG
6677.HK,SINO-OCEAN SERV
8213.HK,STARGLORY HLDGS
0033.HK,INTL GENIUS
2473.HK,XXF
1050.HK,KARRIE INT'L
0702.HK,SINO OIL & GAS
2131.HK,NETJOY
1628.HK,YUZHOU GROUP
0900.HK,AEON CREDIT
6860.HK,FINGERTANGO
0235.HK,CSC HOLDINGS
1786.HK,CRCCE
1909.HK,FIRE ROCK
1317.HK,MAPLELEAF EDU
0228.HK,CHINA ENERGY
0071.HK,MIRAMAR HOTEL
80291.HK,CHINARES BEER-R
2197.HK,CLOVER BIO-B
2111.HK,BEST PACIFIC
0418.HK,FOUNDER HOLD
2048.HK,E-HOUSE ENT
0111.HK,CINDA INTL HLDG
0595.HK,AV CONCEPT HOLD
0632.HK,CHK OIL
1970.HK,IMAX CHINA
1753.HK,DUIBA
0527.HK,RUIFENG RENEW
1916.HK,JIANGXI BANK
2439.HK,CH TREASURES NM
1569.HK,MINSHENG EDU
6878.HK,DIFFER GP AUTO
9889.HK,DRCB
9877.HK,JENSCARE-B
1098.HK,ROAD KING INFRA
1571.HK,XIN POINT HOLD
2507.HK,CIRRUS
1061.HK,ESSEX BIO-TECH
8385.HK,PROSPEROUSPRINT
2779.HK,CH XINHUA EDU
2198.HK,CHINA SANJIANG
3788.HK,CHINA HANKING
0752.HK,PICO FAR EAST
0240.HK,BUILD KING HOLD
0612.HK,DING YI FENG
0034.HK,KOWLOON DEV
1270.HK,LANGHAM-SS
0510.HK,CASH FIN SER GP
2315.HK,BIOCYTOGEN-B
8195.HK,LEGENDARY EDU
0258.HK,TOMSON GROUP
3623.HK,C SUCCESS FIN
1626.HK,JIA YAO HLDGS
1250.HK,SDHS NEW ENERGY
0591.HK,C HIGHPRECISION
1122.HK,QINGLING MOTORS
3718.HK,BJ ENT URBAN
0052.HK,FAIRWOOD HOLD
1003.HK,HUANXI MEDIA
1525.HK,GENCH EDU
0438.HK,IRICO NEWENERGY
2161.HK,JBM HEALTHCARE
1141.HK,CMBC CAPITAL
9857.HK,LINMON MEDIA
1713.HK,SICHUAN EN INV
0064.HK,GET NICE
1036.HK,VANKE OVERSEAS
0818.HK,HI SUN TECH
0906.HK,COFCO PACKAGING
2798.HK,PER ENERGY
1201.HK,TESSON HOLDINGS
0875.HK,CONGYU INTE AGR
0103.HK,SHOUGANG CENT
2120.HK,KN HOSPITAL
2283.HK,TK GROUP HLDG
0757.HK,SOLARGIGA
0196.HK,HONGHUA GROUP
0127.HK,CHINESE EST H
2302.HK,CNNC INT'L
1588.HK,CHANJET
6108.HK,NEW RAY MEDIC
1982.HK,NAMESON HLDGS
2385.HK,READBOY
9960.HK,KINDSTAR GLOBAL
1651.HK,TSUGAMI CHINA
9616.HK,NEUEDU
0480.HK,HKR INT'L
1717.HK,AUSNUTRIA
8279.HK,AGTECH HOLDINGS
0829.HK,SHENGUAN HLDGS
0217.HK,CHINA CHENGTONG
0979.HK,GREEN ENERGY GP
2279.HK,YONGHE MEDICAL
3836.HK,HARMONY AUTO
0210.HK,DAPHNE INT'L
0360.HK,NEW FOCUS AUTO
6896.HK,GOLDEN THROAT
2298.HK,COSMO LADY
6828.HK,BG BLUE SKY
1593.HK,CHEN LIN EDU
0661.HK,CDAYENONFER
0164.HK,CHINA BAOLI TEC
6898.HK,CHINA ALUMCAN
0468.HK,GAPACK
2479.HK,TIANJUDIHE
2337.HK,UNITED STRENGTH
2405.HK,POWERWIN TECH
0713.HK,WORLD HOUSEWARE
2490.HK,LC LOGISTICS
2355.HK,BAOYE GROUP
2125.HK,STRAWBEAR ENT
2135.HK,RAILY AESMED
2540.HK,LESI GROUP
1945.HK,ZERO2IPO
6978.HK,IMMUNOTECH-B
8371.HK,TASTEGOURMET GP
2373.HK,BEAUTYFARM MED
0798.HK,CEOVU
3313.HK,ARTGO HOLDINGS
1616.HK,A METAVERSE
0606.HK,SCE CM
0950.HK,LEE'S PHARM
1346.HK,LEVER STYLE
9958.HK,LITIAN PICTURES
2633.HK,JACOBSON PHARMA
1068.HK,YURUN FOOD
6123.HK,YTO INTL EXP
0666.HK,REPT BATTERO
6068.HK,WISDOM EDU INTL
2450.HK,HUAIBEI GD CO
82333.HK,GREATWALL MOTOR
1140.HK,WEALTHINK AI
2245.HK,LYGEND RESOURCE
9936.HK,XIMEI RESOURCES
0280.HK,KING FOOK HOLD
2195.HK,UNITY ENT
1168.HK,SINOLINK HOLD
1586.HK,LEON INSPECTION
0296.HK,EMPEROR E HOTEL
0065.HK,GRAND OCEAN AR
0809.HK,GLOBAL BIO-CHEM
1809.HK,PRINX CHENGSHAN
8223.HK,ZYY
1895.HK,XINYUAN PM
0677.HK,GOLDEN RES DEV
3366.HK,OCT (ASIA)
0521.HK,CWT INT'L
0686.HK,BJ ENERGY INTL
2306.HK,YH ENT
0408.HK,YIP'S CHEMICAL
1373.HK,IH RETAIL
9919.HK,ACTIVATION GP
0399.HK,INNOVATIVE PHAR
0746.HK,L & M CHEMICAL
1745.HK,LVJI TECH
0376.HK,YUNFENG FIN
1979.HK,TEN PAO GROUP
0869.HK,PLAYMATES TOYS
2187.HK,ZHIXIN GP HLDG
1854.HK,CHINA WANTIAN
1476.HK,HENGTOU SEC
1022.HK,FEIYU
0756.HK,SUMMI
1020.HK,CYBERNAUT INT'L
6128.HK,GRAPHEX GROUP
0188.HK,SUNWAH KINGSWAY
3601.HK,LUDASHI
8476.HK,OCEAN ONE HLDG
0045.HK,HK&S HOTELS
8637.HK,METASURFACE
0750.HK,SFSY ENERGY
0931.HK,CHINA HK POWER
6929.HK,ORBUSNEICH
0149.HK,CH AGRI-PROD EX
6696.HK,MANY IDEA CLOUD
0222.HK,MIN XIN HOLD
0690.HK,UNI-BIO GROUP
0432.HK,PCPD
0098.HK,XINGFA ALUM
2457.HK,BUYANG INTL
2147.HK,ZHENGWEI GROUP
8328.HK,XY ELEC STORAGE
1718.HK,WAN KEI GROUP
1272.HK,DATANG ENVIRO
0239.HK,PAK FAH YEOW
6628.HK,TRANSCENTA-B
9680.HK,CHENQI TECH
0771.HK,AUTOMATED SYS
1007.HK,LONGHUI INTL
1203.HK,GUANGNAN (HOLD)
2008.HK,PHOENIX TV
1499.HK,OKG TECH
0531.HK,SAMSON HOLDING
1565.HK,VIRSCEND EDU
1502.HK,FIN STREET PPT
0362.HK,C ZENITH CHEM
2260.HK,VANOV HOLDINGS
0124.HK,GD LAND
1188.HK,HYBRID KINETIC
1280.HK,QIDIAN GUOFENG
0607.HK,FULLSHARE
0832.HK,CENTRAL CHINA
0053.HK,GUOCO GROUP
1645.HK,HAINA INTEL
2297.HK,RAINMED-B
0450.HK,HUNG HING PRINT
3839.HK,CT ENTERPRISE
2281.HK,XINGLU WATER
2221.HK,NEW CONCEPTS
1085.HK,HXTL
1229.HK,NAN NAN RES
1870.HK,ACME INTL HLDGS
3315.HK,GOLDPAC GROUP
1778.HK,COLOUR LIFE
2170.HK,BASECARE-B
6811.HK,TAI HING GROUP
2286.HK,CHEN XING
2503.HK,ZHONGSHENJIANYE
0393.HK,GLORIOUS SUN
1757.HK,AFFLUENT FDN
8095.HK,BEIDA JADE BIRD
0166.HK,NEW TIMES CORP
0821.HK,VC HOLDINGS
1051.HK,G-RESOURCES
0618.HK,PKU RESOURCES
0616.HK,EMINENCE ENT
0536.HK,TRADELINK
2312.HK,CH FIN LEASING
0733.HK,HOPEFLUENT
0712.HK,COMTEC SOLAR
0154.HK,BE ENVIRONMENT
2237.HK,CHINA GRAPHITE
1029.HK,IRC
0298.HK,CHUANG'S CHINA
2422.HK,REGO INTERACT
6913.HK,SCVE GROUP
2322.HK,HK CHAOSHANG GP
1756.HK,C VOCATIONAL ED
1846.HK,EUROEYES
0603.HK,CHINA OIL & GAS
1206.HK,TECHNOVATOR
0755.HK,SHANGHAI ZENDAI
0807.HK,SIICENVIRONMENT
2455.HK,RUNHUA SERVICE
0894.HK,MAN YUE TECH
2536.HK,PALASINO
8529.HK,UBOT HOLDING
0655.HK,HK CHINESE LTD
6882.HK,EGL HOLDINGS
1281.HK,XINDA INV HLDGS
0887.HK,EMPEROR WATCH&J
3737.HK,ZHONGZHIPHARM
6820.HK,FRIENDTIMES
2000.HK,SIM TECH
1090.HK,DA MING INT'L
0243.HK,QPL INT'L
2107.HK,FIRST SERVICE
1471.HK,ZHONGMIAO
8123.HK,SINOFORTUNE FIN
1612.HK,VINCENT MED
1269.HK,FIRST CAP GP
1978.HK,LH GROUP
0848.HK,MAOYE INT'L
2985.HK,HUABANG TECH
1432.HK,CHINA SHENGMU
0373.HK,ALLIED GROUP
1920.HK,HANDS FORM HLDG
0163.HK,EMPEROR INT'L
0689.HK,EPI (HOLDINGS)
0533.HK,GOLDLION HOLD
1894.HK,HANG YICK HLDGS
0609.HK,TIANDE CHEMICAL
0057.HK,CHEN HSONG HOLD
3828.HK,MING FAI INT'L
3886.HK,TOWN HEALTH
0433.HK,NORTH MINING
9983.HK,CC NEW LIFE
1986.HK,TSAKER NE
1518.HK,NC HEALTHCARE
0040.HK,GOLD PEAK
2368.HK,EAGLE NICE
0106.HK,LANDSEA MGMT
2421.HK,KRP DEVELOPMENT
2207.HK,RONSHINE SERV
1469.HK,GET NICE FIN
1647.HK,GRANDSHORES
0059.HK,SKYFAME REALTY
1526.HK,RICI HEALTH
2608.HK,SUNSHINE 100
2235.HK,MICROTECH MED-B
1142.HK,E&P GLOBAL
1293.HK,GRAND BAOXIN
1396.HK,GD-HKGBA HLDGS
6118.HK,AUSTAR
1082.HK,BDV EDU INTL
2480.HK,LUZHU BIOTECH-B
1539.HK,UNITY GP HLDGS
1662.HK,YEE HOP HLDGS
8540.HK,VICTORY SEC
0673.HK,CHINA HEALTH
1312.HK,KONTA CHINA
2427.HK,GUANZE MEDICAL
1111.HK,HUASHI GROUP
0397.HK,MINERVA GROUP
2360.HK,BEST MART 360
1147.HK,EDENSOFT
1676.HK,GAODI HOLDINGS
1572.HK,CHINA ART FIN
1985.HK,MICROWARE
2326.HK,NPE HOLDINGS
0037.HK,FE HOTELS
0313.HK,RICHLY FIELD
3322.HK,WIN HANVERKY
3708.HK,CH SUPPLY CHAIN
2515.HK,TJCD
0927.HK,FUJIKON IND
0331.HK,FSE LIFESTYLE
2003.HK,VCREDIT
2321.HK,SWANGCHAICHUAN
2497.HK,FUJING HOLDINGS
1181.HK,TANG PALACE
6885.HK,JINMA ENERGY
0335.HK,UPBEST GROUP
0571.HK,ESUN HOLDINGS
1345.HK,SH PIONEER HLDG
1216.HK,ZYBANK
1401.HK,SPROCOMM INTEL
0559.HK,DETAI NEWENERGY
1742.HK,HPC HOLDINGS
9977.HK,FENGXIANG CO
1522.HK,BII TRANS TECH
9663.HK,SINOSYNERGY
1148.HK,POWER XINCHEN
2251.HK,AIRDOC-B
1180.HK,PARADISE ENT
9968.HK,HUIJING HLDGS
1815.HK,CSMALL
2066.HK,SHENGJINGBANK
0727.HK,CROWNICORP
8500.HK,ICONCULTURE
0860.HK,APOLLO FMG
0259.HK,YEEBO (INT'L H)
9991.HK,BAOZUN-W
1376.HK,RAFFLESINTERIOR
0543.HK,PACIFIC ONLINE
1372.HK,C CARBONNEUTRAL
1062.HK,CDB INT'L INV
2030.HK,CABBEEN
0637.HK,LEE KEE
1075.HK,CAPINFO
8221.HK,GAOYU FINANCE
0922.HK,ANXIANYUAN CH
0050.HK,HK FERRY (HOLD)
0328.HK,ALCO HOLDINGS
0497.HK,CSI PROPERTIES
2188.HK,TITANS ENERGY
0711.HK,ASIA ALLIED INF
1850.HK,HSC RESOURCES
1037.HK,MAXNERVA TECH
2347.HK,YOHO GROUP
0619.HK,SOUTH CHINA FIN
1400.HK,MOODY TECH HLDG
2212.HK,FB MINING
0911.HK,QIANHAI HEALTH
1728.HK,ZHENGTONGAUTO
2680.HK,INNOVAX HLDGS
0042.HK,NE ELECTRIC
0623.HK,SINOMEDIA
2101.HK,FULU HOLDINGS
1501.HK,INT MEDICAL
8349.HK,GUIXIN GROUP
0420.HK,FOUNTAIN SET
0370.HK,CHINA BEST
2529.HK,HOLLWIN URBAN
6136.HK,KANGDA ENV
2881.HK,WUHAN YOUJI
0825.HK,NWDS CHINA
1498.HK,PURAPHARM
0488.HK,LAI SUN DEV
0346.HK,YANCHANG PETRO
2392.HK,XUANWU CLOUD
0199.HK,ITC PROPERTIES
1335.HK,SHEEN TAI
0943.HK,ZHONGZHENG INTL
0092.HK,CHAMPION TECH
0681.HK,CHI PEOPLE HOLD
6889.HK,DYNAM JAPAN
0423.HK,HKET HOLDINGS
1097.HK,I-CABLE COMM
0289.HK,WING ON CO
1282.HK,RENZE HARVEST
2288.HK,RYKADAN CAPITAL
3399.HK,YUEYUN TRANS
1079.HK,PINE TECH
2348.HK,DAWNRAYS PHARMA
1104.HK,APAC RESOURCES
1239.HK,TEAMWAY INTL GP
0108.HK,GR LIFE STYLE
8037.HK,CH BIOTECH SER
0691.HK,SHANSHUI CEMENT
0994.HK,CT VISION SL
3389.HK,HENGDELI
1808.HK,ENTERPRISE DEV
1726.HK,HKE HOLDINGS
1856.HK,ERNEST BOREL
8130.HK,DADI INTL GROUP
1473.HK,PANGAEA CONNECT
0610.HK,WAI KEE HOLD
1555.HK,MIE HOLDINGS
1425.HK,JUSTIN ALLEN H
0039.HK,CH BEIDAHUANG
1831.HK,SHIFANG HLDG
0334.HK,CH DISPLAY OPT
2012.HK,SUNSHINE OIL
0837.HK,CARPENTER TAN
0608.HK,HIGH FASHION
1996.HK,RSUN PPT
3321.HK,WAI HUNG GROUP
8257.HK,GENES TECH
2898.HK,SUNHO BIO-B
9986.HK,DASHAN EDU
1326.HK,TRANSMIT ENT
1023.HK,SITOY GROUP
0030.HK,YNBY INTL
2433.HK,ZT HN GROUP
2329.HK,GLORY HEALTH
2307.HK,KAM HING INT'L
1665.HK,PENTAMASTER
1283.HK,ACCEL GROUP
1010.HK,SKY BLUE 11
0230.HK,MINMETALS LAND
1314.HK,TSUI WAH HLDG
2112.HK,GRACE LIFE-TECH
1925.HK,KWUNGS AROMA
8348.HK,BINHAI TEDA
1013.HK,WAI CHUN GROUP
1115.HK,TIBET WATER
0878.HK,SOUNDWILL HOLD
0058.HK,SUNWAY INT'L
9908.HK,JIAXING GAS
0810.HK,CH CASTSON 81
0976.HK,CHIHO ENV
1900.HK,CHINA ITS
0021.HK,GREAT CHI HLDGS
1520.HK,VIRTUAL MIND
3991.HK,CHANGHONG JH
1655.HK,OKURA HOLDINGS
2168.HK,KAISA PROSPER
0919.HK,MODERNHEALTHTEC
1739.HK,QEEKA HOME
8367.HK,SIMPLICITY HLDG
0500.HK,FRONTIER SER
8117.HK,CHI P ENERGY
1348.HK,QUALI-SMART
0125.HK,SUN HING VISION
2280.HK,HC GROUP
3773.HK,YS DIGIFAVOR
0471.HK,SILKWAVE INC
9638.HK,FERRETTI
8513.HK,MAXWIN INT HLDG
1481.HK,SMART GLOBE
0128.HK,ENM HOLDINGS
1715.HK,VOLCANO SPRING
0484.HK,FORGAME
1289.HK,SUNLIT SCI
3798.HK,HOMELAND ITL
1568.HK,SUNDART HLDGS
1762.HK,WANKA ONLINE
8365.HK,HATCHER GROUP
3603.HK,XINJI SHAXI
0061.HK,GREEN LEADER
8238.HK,WINTO GROUP
2022.HK,DIGIT HOLLYWOOD
0959.HK,CENTURY ENT INT
0184.HK,KECK SENG INV
1650.HK,HYGIEIA GROUP
0026.HK,CHINA MOTOR BUS
2339.HK,BWI INT'L
0628.HK,GOME FIN TECH
3816.HK,KFM KINGDOM
0147.HK,IB SETTLEMENT
1393.HK,HIDILI INDUSTRY
8645.HK,BYTE META
1243.HK,WANG ON PPT
0953.HK,SHAW BROTHERS
1785.HK,CHENGDU EXPWAY
3666.HK,SHANGHAI XNG
1410.HK,EDVANCE INTL
0290.HK,GOFINTECH INNOV
0080.HK,CNEWECON FUND
1251.HK,SPT ENERGY
1431.HK,YST DAIRY
1132.HK,ORANGE SKY G H
8018.HK,FINSOFT FIN
0032.HK,CROSS-HAR(HOLD)
2323.HK,RENCO HOLDINGS
1449.HK,LEADER EDU
0898.HK,MULTIFIELD INTL
8619.HK,KING OF CATER
3336.HK,JU TENG INTL
6839.HK,YUNNAN WATER
8609.HK,EGGRICULTURE
1617.HK,NANFANG COMM
0986.HK,CH ENV ENERGY
0682.HK,CHAODA MODERN
0367.HK,CHUANG'S INT'L
1427.HK,CH TIANBAO GP
2236.HK,WISON ENGRG
2265.HK,HC ENV TECH
1413.HK,KWONG LUEN ENG
2271.HK,ZHONGAN SERVICE
1630.HK,KIN SHING HLDGS
0146.HK,TAI PING CARPET
1253.HK,GREENLAND BROAD
0255.HK,LUNG KEE
2153.HK,TAT HONG EQUIP
2989.HK,RELIANCE GLO HL
0105.HK,ASSO INT HOTELS
0456.HK,NEW CITY DEV
1796.HK,METASPACEX
0718.HK,TAI UNITED HOLD
8446.HK,BRIGHTSTAR TECH
2350.HK,MTT GROUP
1110.HK,KINGWORLD
3658.HK,NEW HOPE SERV
0265.HK,GANGYU SERVICES
0171.HK,SILVER GRANT
0126.HK,CARRIANNA
6918.HK,KIDZTECH
1429.HK,SKYMISSION GP
1875.HK,TOT BIOPHARM-B
2381.HK,SMC ELECTRIC
1927.HK,JIUJIUWANG
2210.HK,BEIJING JIAYE
1265.HK,TIANJINJINRAN
1480.HK,YAN TAT GROUP
0169.HK,WANDA HOTEL DEV
0970.HK,NEW SPARKLEROLL
8107.HK,FICUS TECH
1720.HK,PUTIAN COMM
1094.HK,CHERISH SUN
0954.HK,CHANGMAO BIO
2051.HK,51 CREDIT CARD
2477.HK,WELLCELL HOLD
3928.HK,S&T HLDGS
0097.HK,HENDERSON INV
8021.HK,WLS HOLDINGS
0936.HK,KAISA CAPITAL
0876.HK,KAISA HEALTH
1329.HK,CAPITAL GRAND
2991.HK,SHOUGANG C RTS
6829.HK,DRAGON RISE GP
0428.HK,COCOON HOLDINGS
2535.HK,WK GROUP
0668.HK,DOYEN INTL HOLD
0104.HK,ASIA COMM HOLD
0912.HK,SUGA INT'L
1278.HK,CHINANEWTOWN
2789.HK,YUANDA CHINA
1652.HK,FUSEN PHARM
6036.HK,APEX ACE HLDG
1161.HK,WATER OASIS GP
0592.HK,BOSSINI INT'L
0575.HK,REGENT PACIFIC
0329.HK,OCI INTL
0385.HK,CHINNEY ALLI
8196.HK,FUTIAN HOLDINGS
1598.HK,21CENTURY EDU
2127.HK,HUISEN SHARES
2425.HK,AUSTASIA GROUP
2389.HK,BJ HEALTH
1962.HK,EVERGREEN PG
1084.HK,GF HYDROCOLLOID
1705.HK,B & S INTL HLDG
2076.HK,BOSS ZHIPIN-W
0353.HK,ENERGY INTINV
2185.HK,BIOHEART-B
1871.HK,CHINA ORIENTED
8227.HK,HAITIAN ANTENNA
8250.HK,SILK RD ENERGY
1758.HK,BOJUN EDU
0905.HK,WALNUT CAP
1397.HK,BAGUIO GREEN
2501.HK,MAIYUE TECH
0254.HK,NUR HOLDINGS
1301.HK,D&G TECH
0110.HK,CHINA FORTUNE
0306.HK,KWOON CHUNG BUS
2372.HK,WEILI HOLDINGS
0582.HK,SHIN HWA WORLD
8053.HK,PIZU GROUP
1237.HK,CH ENV TECH&BIO
0380.HK,CHINA PIPE
0572.HK,FW HOLDINGS
0841.HK,CASSAVA RES
1751.HK,KINGLAND GROUP
0925.HK,BJ PROPERTIES
0932.HK,SHUNTEN INTL
0496.HK,KASEN
0983.HK,SOCAM DEV
0526.HK,LISI GP HOLD
1802.HK,WENYE GROUP
2882.HK,3DG HOLDINGS
0084.HK,STELUX HOLDINGS
2327.HK,MEILLEUREHEALTH
0804.HK,PINESTONE
1901.HK,FEIYANG GROUP
0907.HK,ELEGANCEOPTICAL
1412.HK,Q P GROUP
1327.HK,LUXXU GROUP
0150.HK,HYPEBEAST
0528.HK,KINGDOM HOLDING
1663.HK,S HARBOURHOLD
0343.HK,CULTURECOM HOLD
8007.HK,GLOBALSTRAT
1319.HK,OIWAHPAWN
0508.HK,DINGYI GP INV
0814.HK,JINGKELONG
2518.HK,AUTOHOME-S
2189.HK,KATO (HK) HLDGS
0662.HK,ASIA FINANCIAL
0475.HK,CENTRAL DEV H
0828.HK,DYNASTY WINES
6833.HK,SINCO PHARMA
0947.HK,MOBI DEV
1884.HK,EPRINT GROUP
2442.HK,EASY SMART GP
0827.HK,KO YO GROUP
2489.HK,PERSISTENCE RES
0261.HK,GBA HOLDINGS
6922.HK,CRYOFOCUS-B
1601.HK,ZGC TEC LEASING
8049.HK,JILIN CHANGLONG
1953.HK,RIMBACO
0695.HK,DONGWU CEMENT
0789.HK,ARTINI HLDG
0122.HK,CROCODILE
1184.HK,S.A.S. DRAGON
9913.HK,CHI KAN HLDGS
1957.HK,MBV INTL
1576.HK,QILU EXPRESSWAY
3368.HK,PARKSON GROUP
8069.HK,FLYDOO TECH
9608.HK,SUNDY SERVICE
3889.HK,GLOBAL SWEET
1738.HK,FS ANTHRACITE
1292.HK,CMA LOGISTICS
1613.HK,SYNERTONE
1661.HK,CH FRONTIER TEC
2988.HK,BONJOUR HOLD
1827.HK,MIRICOR
8220.HK,BINGO GROUP
2371.HK,CHUANGLIAN HOLD
6909.HK,BETTERLIFE HLDG
8120.HK,CH DEMETER FIN
2738.HK,HUAJIN INTL
8062.HK,EFT SOLUTIONS
8136.HK,IMS GROUP
6033.HK,TELECOM DIGIT
1156.HK,CHINANEWENERGY
3686.HK,CLIFFORDML
0160.HK,HON KWOK LAND
1938.HK,CHU KONG PIPE
8098.HK,CL GROUP
1380.HK,CHI KINGSTONE
0194.HK,LIU CHONG HING
0980.HK,LIANHUA
1273.HK,HK FINANCE GP
0076.HK,ELATE HOLDINGS
8612.HK,WORLD SUPER
0131.HK,CHEUK NANG HOLD
1001.HK,HK SH ALLIANCE
6890.HK,KANGLI INT HLDG
1218.HK,EASYKNIT INT'L
6657.HK,BAIWANG CO
0687.HK,TYSAN HOLDINGS
0509.HK,SUNSHINE
1683.HK,HOPE LIFE INT
1338.HK,BAWANG GROUP
1736.HK,PARENTING NET
1987.HK,BENG SOON MACH
0046.HK,COMPUTER & TECH
1865.HK,TRENDZON H-NEW
0156.HK,LIPPO CHINA RES
0211.HK,STYLAND HOLD
1737.HK,A & S GROUP
1490.HK,CHESHI TECH
2222.HK,NVC INTL
1551.HK,GRCB
8489.HK,GP LOGISTICS
2078.HK,PANASIALUM
1351.HK,BRIGHT FUTURE
0201.HK,MAGNIFICENT
1685.HK,BOER POWER
6939.HK,MEGAIN
1731.HK,PROSPEROUS IND
6199.HK,BANK OF GUIZHOU
0897.HK,WAI YUEN TONG
1262.HK,LABIXIAOXIN
0262.HK,DESON DEV INT'L
8063.HK,GLOBAL M HLDG
0929.HK,IPE GROUP
1679.HK,RISECOMM GP
0858.HK,EXTRAWELL PHAR
0063.HK,CHI ASIA VALLEY
8262.HK,SUPER STRONG
0722.HK,UMP
0332.HK,YUANHENG GAS
0356.HK,DT CAPITAL
0731.HK,C&D NEWIN
0276.HK,MONGOLIA ENERGY
0583.HK,GWPA HOLDINGS
8300.HK,JIN MI FANG GP
1063.HK,SUNCORP TECH
8340.HK,ZIJING INTL FIN
0989.HK,HUA YIN INTL H
1973.HK,TIAN TU CAPITAL
1080.HK,SHENGLI PIPE
8178.HK,CHINA INFO TECH
0893.HK,CHINAVTM MINING
0626.HK,PUBLIC FIN HOLD
1708.HK,SAMPLE TECH
0987.HK,CH RENEW EN INV
1134.HK,KELFRED
0833.HK,ALLTRONICS
0574.HK,PASHUN INT'L
8047.HK,CHINA OCEAN GP
8353.HK,ANACLE
8103.HK,HMVOD
1419.HK,HUMAN HEALTH
2250.HK,B.DUCK SEMK
0018.HK,ORIENTAL E H
1532.HK,CHINA PARTYTIME
1290.HK,CHINA HUIRONG
0089.HK,TAI SANG LAND
1723.HK,HK ASIA HLDGS
1483.HK,NET-A-GO TECH
1937.HK,JIACHEN HOLDING
2683.HK,WAHSUN HANDBAGS
1146.HK,HUICHENG INTL H
0491.HK,EMPEROR CULTURE
0369.HK,WING TAI PPT
2509.HK,QYUNS-B
0831.HK,CR ASIA
1406.HK,CLARITY MEDICAL
0309.HK,XH NEWS MEDIA
1224.HK,C C LAND
8179.HK,PALINDA GROUP
1433.HK,CIRTEK HLDGS
1771.HK,SUNFONDA GP
1240.HK,CNQC INT'L
1328.HK,GOLDSTREAM INV
8191.HK,HONG WEI ASIA
2502.HK,JINYUAN HCHEM
0726.HK,DIT GROUP
0202.HK,EVERCHINA INT'L
0730.HK,CAPITAL IND FIN
1727.HK,HEBEI CONS
8629.HK,SYNTRUST GK
1872.HK,GUAN CHAO HLDGS
1446.HK,HUNGFOOKTONG
2376.HK,LUSHANGSERVICES
1917.HK,DOUMOB
6877.HK,CLSA PREMIUM
1795.HK,YADONG GROUP
6063.HK,LOTUS HORIZON
1823.HK,HUAYUEXPRESSWAY
3332.HK,SINOLIFE UTD
1566.HK,CA CULTURAL
8368.HK,CREATIVE CHINA
0635.HK,PLAYMATES
8048.HK,YU TAK INT'L
8420.HK,NEXION TECH
8036.HK,EBROKER GROUP
1388.HK,EMBRY HOLDINGS
1101.HK,HUARONG ENERGY
0212.HK,NANYANG HOLD
0540.HK,SPEEDY GLOBAL
0767.HK,ZHONG JI LS
8350.HK,WELL LINK SEC
0417.HK,TSE SUI LUEN
6866.HK,ZUOLI M-FIN
1408.HK,MACAU E&M
0145.HK,CCIAM FUTURE EN
0077.HK,AMS TRANSPORT
0679.HK,ASIA TELE-NET
0505.HK,XINGYE ALLOY
1868.HK,NEO-NEON
8360.HK,AL GROUP
0299.HK,GLORY SUN LAND
2499.HK,FOLANGSI
2129.HK,LEGION CONSO
0622.HK,OSHIDORI
8148.HK,WUXI LIFE
8121.HK,GUOEN HOLDINGS
0852.HK,STRONG PETRO
1842.HK,GROWN UP GROUP
0176.HK,SUPERACTIVE GP
8060.HK,GLOBAL LINK
0022.HK,MEXAN
8186.HK,ALMANA
1202.HK,SIWI SCI & TECH
2358.HK,JIU RONG HOLD
8631.HK,SUN KONG HLDGS
2223.HK,CASABLANCA
0274.HK,RA SILK ROAD
0918.HK,MAJESTIC DRAGON
1059.HK,KANTONE HOLDING
3728.HK,CHING LEE
1749.HK,SHANSHAN
1689.HK,HUAXIHOLDINGS
0055.HK,NEWAY GROUP
0601.HK,REMT
0822.HK,KA SHUI INT'L
1701.HK,TU YI HLDG
0264.HK,CN INT DEV CORP
1069.HK,CN HEALTH TECH
6868.HK,TENFU
8366.HK,ZJ UNITED INV
0129.HK,ASIA STANDARD
2011.HK,GILSTON GROUP
0213.HK,NATIONAL ELEC H
0518.HK,TUNGTEX (HOLD)
6928.HK,TOMO HOLDINGS
6038.HK,G & M HLDGS
0295.HK,KONG SUN HOLD
0225.HK,POKFULAM
0339.HK,CN SCI-TECH IND
8418.HK,OPTIMA AUTO
2263.HK,FU SHEK FIN
1930.HK,SHINELONG
2025.HK,RUIFENG POWER
8132.HK,CENTURY EN INTL
1124.HK,COASTAL GL
0629.HK,YUE DA INTL
0844.HK,GREATIME INTL
1049.HK,CELESTIAL ASIA
0396.HK,HING LEE (HK)
2293.HK,BAMBOOSHEALTH
1950.HK,DIWANG IND H
1466.HK,AFFLUENTPARTNER
1235.HK,TRAVEL EXPERT
8270.HK,CHINA CBM
0138.HK,CCT FORTIS
3660.HK,QFIN-S
8153.HK,JIADING INTL GP
2086.HK,LEADWAY TECH
1695.HK,S&P INTL HLDG
0162.HK,CENTURY GINWA
0532.HK,WKK INTL (HOLD)
8487.HK,ISP GLOBAL
1123.HK,CHINA-HK PHOTO
1215.HK,KAI YUAN HLDGS
8297.HK,OCEAN STAR TECH
1271.HK,GRAND MING
9929.HK,SEM HLDGS
0073.HK,ASIAN CITRUS
1129.HK,WATER INDUSTRY
2098.HK,ZALL SMARTCOM
8026.HK,CB GLOBAL
0928.HK,KING INTL INV
1340.HK,HUISHENG INTL
0573.HK,TAO HEUNG HLDGS
1540.HK,LEFTFIELD PRINT
0923.HK,IWS
1710.HK,TRIO IND ELEC
0952.HK,QUAM PLUS FIN
0036.HK,FE HLDGS INTL
2451.HK,LUYUAN GP HLDG
2349.HK,CH CITY INFRA
1943.HK,KING'S STONE
2320.HK,HOP FUNG GROUP
8416.HK,HM INTL HLDGS
0096.HK,YUSEI
1228.HK,CANBRIDGE-B
8187.HK,JIMU GROUP
0915.HK,DAOHE GLOBAL
3302.HK,KINERGY
8245.HK,SHANYU GROUP
0736.HK,CHINA PPT INV
1627.HK,ABLE ENG HLDGS
1170.HK,KINGMAKER
6888.HK,FREETECH
0482.HK,SANDMARTIN INTL
0070.HK,RICH GOLDMAN
1643.HK,MODERN CHI MED
1682.HK,HP LIVING TECH
1965.HK,LANDSEA LIFE
2130.HK,CN LOGISTICS
1159.HK,SMART DIGI TECH
0193.HK,CAPITAL ESTATE
0627.HK,JAPAN KYOSEI
9978.HK,FINELAND LIVING
1260.HK,WONDERFUL SKY
2176.HK,CCID CONSULTING
1455.HK,FOURACE IND GP
2028.HK,JOLIMARK
8051.HK,CIRCUTECH
1334.HK,RUICHANG INTL
0366.HK,LUKS GROUP (VN)
1162.HK,LUMINA GROUP
1557.HK,K.H. GP HLDGS
0984.HK,AEON STORES
3789.HK,ROYAL DELUXE
1947.HK,MEIHAO GROUP
0472.HK,NEW SILKROAD
1767.HK,TS WONDERS
6117.HK,RIZHAO PORT JR
0361.HK,SINO GOLF HOLD
2885.HK,PEIPORT HOLD
0969.HK,HUA LIEN INT'L
1991.HK,TA YANG GROUP
2088.HK,XIWANG PROPERTY
0078.HK,REGAL INT'L
0747.HK,SHENYANG PUBLIC
2080.HK,AUX INTL
2119.HK,TSIT WING INTL
0760.HK,TALENT PPT GP
2146.HK,ROISERV
8071.HK,CH NETCOMTECH
2205.HK,KANGQIAO SER
0765.HK,PERFECTECH INTL
0865.HK,JIANDE INT'L
8437.HK,RMH HOLDINGS
1820.HK,PM PACKAGING
8052.HK,LUK HING ENT
3688.HK,TOP SPRING
1961.HK,INFINITIES TECH
1402.HK,I-CONTROL
8536.HK,TL NATURAL GAS
6686.HK,NOAH HOLDINGS
1220.HK,ZHIDAO INT'L
8496.HK,GLOBAL UIN
8659.HK,YIK WO INTL
1225.HK,LERADO FIN
0436.HK,NU ENVIRO
3699.HK,EB GRAND CHINA
1418.HK,SINOMAX GROUP
0191.HK,LAI SUN INT'L
6288.HK,FAST RETAIL-DRS
8627.HK,ORANGE TOUR
8222.HK,E LIGHTING
2299.HK,BILLION IND
8267.HK,LINEKONG
0465.HK,FUTONG TECH
6893.HK,HINSANG GROUP
1591.HK,SHUN WO GP-NEW
1343.HK,WEI YUAN HLDG
1407.HK,JY GAS
8093.HK,MILLION STARS
0391.HK,MEI AH ENTER
8646.HK,CHINA HONGGUANG
1025.HK,KNT HOLDINGS
8527.HK,JLOGO HLDGS
1941.HK,YE XING GROUP
8436.HK,TAKBO GROUP
1851.HK,GINGKO EDU
1442.HK,INFINITY L&T
6119.HK,TIAN YUAN GP
0075.HK,Y.T. REALTY
0271.HK,ASIASEC PPT
1822.HK,CHINA WOOD INT
1315.HK,GREEN ECONOMY
2728.HK,JINTAI ENERGY H
1195.HK,KINGWELL GROUP
6189.HK,ADWAY
1087.HK,INVESTECH HLDGS
0206.HK,CM-ENERGY
0640.HK,INFINITY DEV
0226.HK,LIPPO
0524.HK,GW TERROIR
1150.HK,MILAN STATION
1163.HK,ADTIGER CORP
0556.HK,PAN ASIA ENVIRO
2363.HK,TONGDA HONG TAI
1204.HK,BOARDWARE INTEL
8059.HK,GLORY FLAME
0205.HK,SEEC MEDIA
6093.HK,HEVOL SERVICES
1130.HK,CHINA ENV RES
0720.HK,AUTO ITALIA
2481.HK,WISE LIVING TEC
1470.HK,PROSPER ONE
9686.HK,XIKANG CLOUD
1172.HK,MAGNUSCONCORDIA
2496.HK,YZYBIO-B
2122.HK,KIDSLAND INTL
0090.HK,PUXING ENERGY
2116.HK,JS INNOV
0585.HK,IMAGI INT'L
8526.HK,WING FUNG GROUP
0759.HK,CEC INT'L HOLD
6958.HK,ZHENRO SERVICES
1284.HK,NEW MEDIA LAB
1472.HK,SANG HING HLDGS
1395.HK,ELL ENV
1940.HK,CGII HLDGS
2458.HK,GALA TECH HOLD
1460.HK,ICO GROUP
8606.HK,KINETIX SYSTEMS
0137.HK,JINHUI HOLDINGS
6162.HK,TR INTERIORS
0236.HK,SAN MIGUEL HK
1653.HK,MOS HOUSE
8176.HK,SUPERROBOTICS
8525.HK,BAIYING HOLDING
0675.HK,K & P INT'L
0784.HK,LING YUI
3830.HK,KIDDIELAND
1690.HK,LAP KEI ENGRG
1671.HK,TIANBAO ENERGY
8373.HK,INDIGO STAR
8451.HK,SUNLIGHT HLDGS
0318.HK,VONGROUP
8519.HK,XINXIANG ERA
8041.HK,LUXEY INT'L
0997.HK,CHINLINK INTL
0498.HK,BLUE RIVER HLDG
1741.HK,SHING CHI HLDGS
6919.HK,RENRUI HR
1843.HK,SNACK EMPIRE
8509.HK,WINE'S LINK
1245.HK,NIRAKU
3860.HK,EPS HEALTH TECH
1529.HK,YUES INTL HLDG
8020.HK,UNITAS HOLD
1592.HK,ANCHORSTONE
0630.HK,AMCO UNITED
2231.HK,JY GRANDMARK
8229.HK,FUTURE DATA
8079.HK,WISDOMCOME GP
1371.HK,CHINA ECOTOUR
1226.HK,CH INV FIN GP
1581.HK,PROGRESSIVE P
2270.HK,DESUN SERVICES
8482.HK,WAN LEADER
8126.HK,G. A. HOLDINGS
1740.HK,VALUES CULTURAL
2227.HK,SOLIS HOLDINGS
1152.HK,MOMENTUM FIN
1399.HK,VESON HLDG
2266.HK,LAI SI ENT
8111.HK,CT IND GROUP
1002.HK,V.S. INT'L
2336.HK,SHUOAO INTL
1792.HK,CMON
8280.HK,CDV HOLDINGS
8412.HK,NEW AMANTE
2031.HK,AUSUPREME
0889.HK,DATRONIX HOLD
8601.HK,BOLTEK
1575.HK,REGAL PARTNERS
0495.HK,PALADIN
8282.HK,GAMEONE
6633.HK,QINGCI GAMES
8372.HK,GBG HOLDINGS
0620.HK,DTXS SILK ROAD
0703.HK,FUTURE BRIGHT
8029.HK,IMPERIUM FIN GP
1633.HK,SHEUNG YUE GP
2177.HK,UNQ HOLDINGS
1323.HK,HUASHENG INTL
8356.HK,TSUN YIP HLDGS
3395.HK,JX ENERGY
0312.HK,SHIRBLE STORE
0413.HK,SC HOLDINGS
8290.HK,AHSAY BACKUP
8065.HK,KML TECH
2520.HK,SHANXI INSTALL
2325.HK,YUNKANG GROUP
0320.HK,COMPUTIME
8400.HK,ASIA PIONEER
1712.HK,DRAGON MINING
0542.HK,CN CULTURAL T&A
8072.HK,ROMA META GROUP
8292.HK,WORLDGATEGLOBAL
1536.HK,YUK WING GP
1543.HK,JOIN-SHARE
8305.HK,ALLUREFEM HLDG
1977.HK,ANALOGUE HLDGS
0704.HK,HUSCOKE HLDGS
1719.HK,CIL GROUP
2115.HK,CM HI-TECH
8286.HK,CCOE
8545.HK,AMUSE GROUP
0674.HK,CHINA TANGSHANG
0657.HK,G-VISION INT'L
0401.HK,WANJIA GROUP
0464.HK,CHINA IN-TECH
8462.HK,OMNIBRIDGE HLDG
8311.HK,PERFECT OPT
0554.HK,HANS ENERGY
0348.HK,CHINAHEALTHWISE
1975.HK,SUN HING PRINT
0072.HK,META MEDIA
1303.HK,HUILI RES
8203.HK,KAISUN HOLDINGS
0684.HK,ALLAN INT'L
8471.HK,REACH NEW HLDGS
1028.HK,C.BANNER
2211.HK,UNI HEALTH
0745.HK,CN CULTURE GP
8455.HK,LAI GROUP
8295.HK,KINGWISOFT TECH
2418.HK,DEEWIN
1931.HK,IVD MEDICAL
8310.HK,DAFENG PORT
8320.HK,AEC GROUP
0459.HK,LEGEND UPSTAR
1780.HK,RONGZUN INT'L H
1632.HK,MSCTECH
3326.HK,PERFECT GROUP
1615.HK,AB BUILDERS
6122.HK,JIUTAI RCB
8512.HK,HYFUSIN GROUP
3398.HK,CHINA TING
8431.HK,HAO BAI INTL
8547.HK,PACIFIC LEGEND
2165.HK,LING YUE SER GP
1420.HK,CHUAN HOLDING
8283.HK,ZHONGSHI MINAN
8201.HK,PPS INT'L
6816.HK,PROSPER CONS
1935.HK,JH EDUCATION
8620.HK,AE LOGISTICS
1486.HK,C CHENG HLDGS
2440.HK,HOWKINGTECH
8417.HK,DADI EDU
2239.HK,SMIT
8237.HK,LINK HOLDINGS
8100.HK,FAMOUS TECH INT
0776.HK,IMPERIUM TEC GP
0214.HK,ASIA ORIENT
1582.HK,CR CONSTRUCTION
8507.HK,I.CENTURY HLDG
2330.HK,CHINA UPTOWN
8147.HK,MILLENNIUM PG
2179.HK,RECBIO-B
0910.HK,CHINA SANDI
6999.HK,LEADING HLDGS
8402.HK,PLATEAU TL
6611.HK,SANXUN GROUP
2159.HK,MEDIWELCOME
0159.HK,BROCKMAN MINING
1629.HK,CHAMP ALLI INTL
8275.HK,CHINA NEW CONS
1489.HK,GC CONSTRUCTION
1305.HK,WAI CHI HOLD
1793.HK,WECON HOLDINGS
3318.HK,CHINA BOTON
8225.HK,C HEALTH GP
2023.HK,CHINA LUDAO
0383.HK,TIANAN MEDICARE
8067.HK,OUC HOLDINGS
8081.HK,HANG TAI YUE GP
2289.HK,CHARMACY PHAR
0487.HK,SUCCESSUNIVERSE
8480.HK,FURNIWEB
1746.HK,MAN SHUN GP
8347.HK,F8 ENT
1500.HK,INCON
2483.HK,K CASH
6911.HK,LANCANG TEA
0379.HK,EG LEASING
8172.HK,LAJIN ENT
1073.HK,DA YU FIN
1064.HK,ZHONG HUA INT'L
2167.HK,TI CLOUD
2215.HK,DEXIN SER GROUP
1552.HK,BHCC HOLDING
8291.HK,HK ENT INTL
2181.HK,MABPHARM-B
6188.HK,BJ DIGITAL
0643.HK,CARRY WEALTH
1417.HK,RIVERINE CHINA
0244.HK,SINCERE
3848.HK,HAOSEN FINTECH
8309.HK,MANSHING GLOBAL
8448.HK,UNI PRINTSHOP
8206.HK,S ROBOT EDU
8413.HK,ASIA GROCERY
8125.HK,ROYAL CEN RES
8319.HK,EXPERT SYS
0197.HK,HENG TAI
0851.HK,SHENG YUAN HLDG
0476.HK,EV DYNAMICS
1549.HK,EVER HARVEST GP
8460.HK,BASETROPHY GP
8422.HK,WT GROUP
1559.HK,KWAN ON HLDGS
6193.HK,TAILAM TECHCON
0602.HK,JIAHUA STORES H
8092.HK,ITE HOLDINGS
8189.HK,TEDA BIOMEDICAL
6113.HK,UTS MARKETING
0948.HK,ALPHA PRO HLDGS
1959.HK,CENT UNIT HLDG
0301.HK,SANVO CHEMICALS
6838.HK,WINOX
8406.HK,CHINA ORAL IND
8429.HK,SV VISION
0234.HK,NEW CENTURY GP
1046.HK,UNIVERSE ENT
8337.HK,DIRECTEL
2110.HK,TIAN CHENG HLDG
1421.HK,KINGBO STRIKE
1869.HK,KAFELAKU COFFEE
0422.HK,VMEP HOLDINGS
0355.HK,CENTURY C INT'L
1332.HK,TOUYUN BIOTECH
1968.HK,HINGTEX HLDGS
8050.HK,QUANTUM THINK
2482.HK,LOGORY
8621.HK,METROPOLIS CAP
0132.HK,HING YIP HLDGS
1416.HK,CTR HOLDINGS
8217.HK,WMHW
8005.HK,YUXING INFOTECH
1556.HK,CHINNEY KW
8033.HK,VODATEL NETWORK
2102.HK,TAK LEE MACH
1577.HK,HUIXIN CREDIT
1669.HK,GIC GROUP
2310.HK,TIMES UNI GP
0768.HK,UBA INVESTMENTS
3893.HK,CROSSTEC
8493.HK,DRAGON KING GP
8146.HK,GRACEWINE
3689.HK,KANGHUA HEALTH
8473.HK,MI MING MART
3938.HK,LFG INV HLDGS
8401.HK,STREAM IDEAS
8027.HK,KPM HOLDING
1058.HK,NAMYUE HOLDINGS
1825.HK,STERLING GP
8211.HK,ZHEJIANG YONGAN
8241.HK,YING KEE TEA
0862.HK,VISION VALUES
3363.HK,ZHENGYE INT'L
1845.HK,WG ENV TECH
1752.HK,TOP EDUCATION
1545.HK,DESIGN CAPITAL
8296.HK,SINO-LIFE GROUP
1750.HK,REM GROUP HLDGS
8057.HK,MADISON HLDG
2528.HK,FW FASHION INT
8210.HK,DLC ASIA
1166.HK,SOLARTECH INT'L
2226.HK,HONWORLD GP
1583.HK,QINQIN FOODS
8028.HK,TIMELESS
8006.HK,SINO SPLENDID
8076.HK,SING LEE
0485.HK,CHINASINOSTAR
1241.HK,SHUANGHUA H
8425.HK,HING MING HLDGS
8208.HK,WMCH GLOBAL
8232.HK,CLASSIFIED GP
0846.HK,MINGFA GROUP
0888.HK,BISON FINANCE
1182.HK,SUCCESS DRAGON
0209.HK,WINSHINE SCI
0707.HK,ATV HOLDINGS
0351.HK,ASIA ENERGY LOG
0025.HK,CHEVALIER INT'L
0028.HK,TIAN AN
0051.HK,HARBOUR CENTRE
0060.HK,HK FOOD INV
0079.HK,CENTURY LEGEND
0093.HK,ZERO FINTECH
0094.HK,GREENHEART GP
0099.HK,WONG'S INT'L
0114.HK,HERALD HOLD
0115.HK,GRAND FIELD GP
0117.HK,TIANLI HOLDINGS
0118.HK,COSMOS MACH
0130.HK,MOISELLE INT'L
0157.HK,NATURAL BEAUTY
0158.HK,MELBOURNE ENT
0174.HK,GEMINI INV
0180.HK,KADER HOLDINGS
0181.HK,FUJIAN HOLDINGS
0183.HK,WINFULL GP
0186.HK,NIMBLE HOLDINGS
0216.HK,CHINNEY INV
0219.HK,SHUNHO PROPERTY
0224.HK,PIONEER GLOBAL
0229.HK,RAYMOND IND
0237.HK,SAFETY GODOWN
0247.HK,TST PROPERTIES
0248.HK,HKC INT'L HOLD
0251.HK,SEA HOLDINGS
0252.HK,SE ASIA PPT
0253.HK,SHUNHO HOLDINGS
0266.HK,TIAN TECK LAND
0277.HK,TERN PROPERTIES
0287.HK,WINFAIR INV
0294.HK,YANGTZEKIANG
0311.HK,LUEN THAI
0326.HK,CHINA STAR ENT
0333.HK,TOP FORM INT'L
0352.HK,FORTUNE SUN
0368.HK,SUPERLAND GROUP
0372.HK,PT INTL DEV
0374.HK,FOUR SEAS MER
0375.HK,YGM TRADING
0377.HK,CHINA HUAJUN GP
0387.HK,LEEPORT(HOLD)
0403.HK,STARLITE HOLD
0406.HK,YAU LEE HOLD
0411.HK,LAM SOON (HK)
0426.HK,ONE MEDIA GROUP
0430.HK,ORIENTAL EXPL
0442.HK,DOMAINE POWER
0455.HK,TIANDA PHARMA
0458.HK,TRISTATE HOLD
0483.HK,BAUHAUS INT'L
0499.HK,QINGDAO HLDGS
0513.HK,CONTINENTAL H
0515.HK,CHINASILVER TEC
0519.HK,APPLIED DEV
0529.HK,SIS INT'L
0544.HK,DAIDO GROUP
0557.HK,TIANYUAN HEALTH
0567.HK,DAISHOMICROLINE
0599.HK,E. BON HOLDINGS
0613.HK,PLANETREE INT'L
0617.HK,PALIBURG HOLD
0641.HK,CHTC FONG'S INT
0645.HK,ARES ASIA
0646.HK,CHINA ENV TEC
0653.HK,BONJOUR HOLD
0676.HK,PEGASUS INT'L
0685.HK,MEDIA CHINESE
0693.HK,TAN CHONG INT'L
0701.HK,CNT GROUP
0723.HK,RELIANCE GLO HL
0725.HK,PERENNIAL INT'L
0738.HK,LE SAUNDA
0764.HK,ETERNITY INV
0770.HK,SHANGHAI GROWTH
0794.HK,COME SURE GROUP
0797.HK,7ROAD
0834.HK,KANGDA FOOD
0840.HK,TIANYE WATER
0859.HK,ZHONGCHANG INTL
0864.HK,WING LEE PPT
0871.HK,CH DREDG ENV
0896.HK,HANISON
0899.HK,ZHONG JIA GX
0924.HK,KHOON GROUP
0926.HK,BESUNYEN
0938.HK,MAN SANG INT'L
0974.HK,SKL
1000.HK,BEIJING MEDIA
1005.HK,MATRIX HOLDINGS
1008.HK,LITU HOLDINGS
1009.HK,INT'L ENT
1026.HK,UNIVERSAL TECH
1027.HK,CHINA JICHENG
1039.HK,CHANGYOU ALLI
1047.HK,NGAI HING HONG
1100.HK,MAINLAND HOLD
1102.HK,ENVIRO ENERGY
1105.HK,SING TAO
1118.HK,GOLIK HOLDINGS
1120.HK,ARTS OPTICAL
1125.HK,LAI FUNG HOLD
1127.HK,LION ROCK GROUP
1145.HK,COURAGE INV
1160.HK,GOLDSTONE CAP
1173.HK,VEEKO INT'L
1198.HK,ROYALE HOME
1213.HK,MOBICON GROUP
1221.HK,SINO HOTELS
1231.HK,NEWTON RES
1232.HK,GW TIANDI
1259.HK,PROSPER FUTURE
1285.HK,JIASHILI GP
1298.HK,YUNNAN ENERGY
1321.HK,CHINA NEWCITY
1362.HK,SIS MOBILE
1370.HK,AOWEI HOLDING
1379.HK,WENLING MCT
1389.HK,MAJOR HLDGS
1443.HK,FULUM GP HLDG
1447.HK,SFK
1451.HK,MS GROUP HLDGS
1452.HK,DENOX ENV
1459.HK,JUJIANG CONS
1463.HK,C-LINK SQ
1488.HK,BEST FOOD HLDG
1496.HK,AP RENTALS
1527.HK,TENGY ENV
1538.HK,ZHONG AO HOME
1542.HK,TAIZHOU WATER
1546.HK,THELLOY DEV
1547.HK,IBI GROUP HLDGS
1553.HK,MAIKE TUBE
1560.HK,STAR GROUP ASIA
1561.HK,PAN ASIA DATA H
1570.HK,WEIYE HOLDINGS
1580.HK,DA SEN HLDGS
1587.HK,SHINEROAD INTL
1596.HK,YICHEN IND
1597.HK,NATURE ENERGY T
1608.HK,VPOWER GROUP
1620.HK,CINESE INTL
1621.HK,VICO INTL HLDGS
1631.HK,REF HOLDINGS
1637.HK,SH GROUP HLDG
1656.HK,ISDN HOLDINGS
1657.HK,SG GROUP HLDGS
1660.HK,ZHAOBANGJI LIFE
1667.HK,DIMMI LIFE HLDG
1673.HK,HUAZHANG TECH
1692.HK,TOWNRAY HLDGS
1693.HK,BGMC
1702.HK,DONGGUANG CHEM
1707.HK,GEOTECH HLDGS
1711.HK,ULFERTS
1716.HK,MOST KWAI CHUNG
1721.HK,FSM HOLDINGS
1722.HK,KIN PANG HLDGS
1730.HK,LHN
1732.HK,XIANGXING INT
1747.HK,HOME CONTROL
1748.HK,XIN YUAN ENT
1759.HK,SINO GAS HLDGS
1775.HK,BEXCELLENT GP
1782.HK,IB DIGITAL TECH
1790.HK,TIL ENVIRO
1803.HK,BJ SPORTS & ENT
1817.HK,MULSANNE GROUP
1826.HK,FDB HOLDINGS
1832.HK,SAI LEISURE
1835.HK,REALWAY CAPITAL
1841.HK,A.PLUS GROUP
1847.HK,GHPC
1853.HK,CHUNCHENG HEAT
1861.HK,PRECIOUS DRAGON
1867.HK,STD DEV GROUP
1891.HK,HENG HUP
1897.HK,MILLIONHOPE IND
1903.HK,JBB BUILDERS
1915.HK,TAIHE M-FIN
1932.HK,CPM GROUP
1933.HK,ONEFORCE HLDGS
1936.HK,RITAMIX
1939.HK,TOKYO CHUO
1948.HK,UJU HOLDING
1955.HK,JOHNSON HLDGS
1960.HK,TBKS HLDGS
1971.HK,RSUN SER
1983.HK,LUZHOU BANK
1993.HK,ASIARAY
2017.HK,CHANHIGH
2033.HK,TIME WATCH
2108.HK,K2 F&B
2113.HK,CENTURY GP INTL
2132.HK,LANDRICH HLDG
2152.HK,SUXIN SERVICES
2178.HK,PETRO-KING
2180.HK,MANPOWER GRC
2182.HK,TIAN CHANG GP
2193.HK,MAN KING HOLD
2199.HK,REGINA MIRACLE
2230.HK,MEDIALINK GROUP
2258.HK,WATTS INT'L
2262.HK,SLD GROUP
2292.HK,THING ON ENT
2295.HK,MAXICITY
2317.HK,VEDAN INT'L
2340.HK,ISP HOLDINGS
2352.HK,DOWELL SERVICE
2361.HK,SINOHEALTH HLDG
2383.HK,TOM GROUP
2391.HK,TUYA-W
2409.HK,SEACON
2420.HK,ZIBUYU
2436.HK,LX TECHNOLOGY
2558.HK,JINSHANG BANK
2623.HK,ADD NEW ENERGY
2663.HK,KPA-BM HLDGS
2668.HK,PAK TAK INT'L
2682.HK,YUN LEE MARINE
2700.HK,GREEN INTL HLDG
2863.HK,GOLDEN FAITH GP
2892.HK,MILLION CITIES
2981.HK,TRENDZON H-OLD
2983.HK,SHUN WO GP-OLD
3348.HK,CHINA PENGFEI
3390.HK,TYCOON GROUP
3626.HK,HSSP INTL
3628.HK,RENHENG ENT
3638.HK,HUABANG TECH
3683.HK,GREAT HARVEST
3768.HK,DCWT
3778.HK,CHINA WEAVING
3822.HK,SAM WOO CONS
3869.HK,HOSPITAL CORP
3878.HK,VICON HOLDINGS
3903.HK,HANHUA FIN
3919.HK,GOLDENPOWER
3963.HK,RONGZHONG FIN
3997.HK,TSO
3999.HK,DACHAN FOOD
4332.HK,AMGEN-T
4333.HK,CISCO-T
4335.HK,INTEL-T
4336.HK,APPL MATERIAL-T
4337.HK,STARBUCKS-T
4338.HK,MICROSOFT-T
4619.HK,BOC 20USDPREF
4620.HK,ICBC 20USDPREF
4621.HK,CINDA 21USDPREF
4801.HK,INTERRA ACQ Z25
4827.HK,VISION DEAL Z24
4836.HK,AQUILA ACQ Z25
4841.HK,HK ACQ Z25
4855.HK,TECHSTARACQ Z25
6080.HK,WING CHI HLDGS
6083.HK,WORLD-LINK LOG
6133.HK,VITAL INNO
6163.HK,GEMILANG INTL
6182.HK,TWINTEK
6190.HK,BANKOFJIUJIANG
6661.HK,HUZHOU GAS
6663.HK,IWS GROUP
6805.HK,KIMOU ENVIRON
6812.HK,WINSON HLDGS HK
6822.HK,KING'S FLAIR
6858.HK,HONMAGOLF
6933.HK,SINO-ENTERTAIN
6966.HK,C WAN TONG YUAN
7801.HK,INTERRA ACQ-Z
7827.HK,VISION DEAL-Z
7836.HK,AQUILA ACQ-Z
7841.HK,HK ACQ-Z
7855.HK,TECHSTARACQ-Z
8003.HK,GREAT WORLD
8013.HK,ECI TECH
8019.HK,HAO WEN HLDGS
8023.HK,KWONG MAN KEE
8030.HK,FENGYINHE
8031.HK,ETS GROUP
8035.HK,JANCO HOLDINGS
8039.HK,CHINA COME RIDE
8040.HK,COOLPOINT INNO
8042.HK,KOS INTL
8043.HK,ATLINKS
8056.HK,LIFECONCEPT-NEW
8066.HK,PHOENITRON HOLD
8070.HK,KEEN OCEAN
8073.HK,SFSY NEW MAT
8080.HK,NAS HOLDINGS
8082.HK,SUNNY SIDE UP
8087.HK,CHINA 33MEDIA
8091.HK,OOH HOLDINGS
8096.HK,TASTY CONCEPTS
8106.HK,SHENGHUA LANDE
8112.HK,CORNERSTONE FIN
8113.HK,V&V TECH
8115.HK,SHANGHAI QINGPU
8128.HK,CHYY GP
8131.HK,ABC MULTIACTIVE
8133.HK,JISHENG GP HLDG
8139.HK,CHANGAN RH
8140.HK,BOSATECH
8143.HK,GF HEALTHCARE
8149.HK,ALTUS HLDGS
8152.HK,M&L HOLDINGS
8160.HK,GOLDWAY EDU
8161.HK,MEDINET GROUP
8162.HK,LOCO HK
8163.HK,NOIZ GROUP
8168.HK,AMASSE CAPITAL
8169.HK,ECO-TEK HLDGS
8173.HK,HEPHAESTUS HLDG
8181.HK,SHISHI SERVICES
8188.HK,GME GROUP
8193.HK,ASIAPAC FIN INV
8198.HK,CRYPTO FLOW
8200.HK,SAU SAN TONG
8205.HK,JIAODA WITHUB
8218.HK,ECHO INT HOLD
8219.HK,HANVEY GROUP
8226.HK,KOALA FIN GP
8239.HK,CAPITAL FIN
8246.HK,ZHONGHUA GAS
8247.HK,BIOSINO BIO-TEC
8249.HK,RUIYUAN IC TECH
8269.HK,WEALTH GLORY
8271.HK,GDC
8277.HK,STEEDORIENTAL
8281.HK,CH GOLD CLASSIC
8285.HK,SLING GROUP
8293.HK,SINGASIA HLDG
8307.HK,MEDICSKIN
8308.HK,GUDOU HLDGS
8313.HK,ZACD
8315.HK,CEN PLAZA HOTEL
8317.HK,FINET GROUP
8321.HK,TAI KAM HLDGS
8326.HK,TK NEW ENERGY
8329.HK,NEP INTERLONG
8331.HK,P.B. GROUP
8341.HK,AESO HOLDING
8357.HK,REPUBLIC HC
8362.HK,WINNING TOWER
8370.HK,ZHI SHENG GP
8375.HK,VERTICAL INT'L
8377.HK,HARBOUR EQUINE
8379.HK,PRIME INTEL
8392.HK,SATU HOLDINGS
8395.HK,QI-HOUSE
8403.HK,DOWWAY
8405.HK,HANG CHI HLDG
8411.HK,K W NELSON GP
8419.HK,AV PROMOTIONS
8423.HK,CHI HO DEV
8427.HK,SK TARGET
8428.HK,CBK HOLDINGS
8430.HK,C&N HOLDINGS
8432.HK,BAR PACIFIC
8439.HK,SOMERLEY CAP
8445.HK,NOBLE ENG GP
8447.HK,MS CONCEPT
8452.HK,FY FINANCIAL
8456.HK,MANSION INTL
8472.HK,LAPCO HOLDINGS
8475.HK,E-STATION GTECH
8483.HK,MAX SIGHT GROUP
8495.HK,1957 & CO.
8501.HK,SANBASE CORP
8502.HK,OCEAN LINE PORT
8510.HK,TOPSTANDARDCORP
8511.HK,MIN FU INTL
8516.HK,GRAND TALENTS
8521.HK,WEBX INTL HLDGS
8532.HK,POLYFAIR HLDGS
8535.HK,VISTAR HOLDINGS
8537.HK,CHONG FAI JEWEL
8559.HK,LIFECONCEPT-OLD
8565.HK,MIN FU INTL
8603.HK,FAMEGLOW
8611.HK,MINDTELL TECH
8613.HK,ORIENTAL PAY
8616.HK,SUNRAY ENG GP
8622.HK,HUAKANG BIOMED
8623.HK,CHINA SAFTOWER
8635.HK,NOVACON TECH
8657.HK,TRUE PARTNER
8668.HK,YING HAI GROUP
9677.HK,WEIHAI BANK
9689.HK,JTF INTL
9882.HK,BEST LINKING
9900.HK,GAIN PLUS HLDGS
9906.HK,HONLIV HEALTH
9916.HK,XINGYE WULIAN
9918.HK,WISE ALLY INTL
9938.HK,WAH WO HOLDINGS
9963.HK,TRANSTECH
9998.HK,KWAN YONG
80737.HK,BAY AREA DEV-R
